employeeID,certID,dateEarned,expirationDate
1,1,21-Apr-24,21-Apr-27
1,2,21-Apr-24,21-Apr-27
1,3,21-Apr-24,21-Apr-27
1,4,21-Apr-24,21-Apr-25
1,5,21-Apr-24,21-Apr-26
1,6,21-Apr-24,21-Apr-26
1,7,21-Apr-24,21-Apr-26
2,1,9-Jun-26,9-Jun-29
2,2,9-Jun-26,9-Jun-29
2,3,9-Jun-26,9-Jun-29
2,4,9-Jun-26,9-Jun-27
2,5,9-Jun-26,9-Jun-28
2,6,9-Jun-26,9-Jun-28
2,7,9-Jun-26,9-Jun-28
3,1,10-Dec-25,10-Dec-28
3,2,10-Dec-25,10-Dec-28
3,3,10-Dec-25,10-Dec-28
3,4,10-Dec-25,10-Dec-26
3,5,10-Dec-25,10-Dec-27
3,6,10-Dec-25,10-Dec-27
3,7,10-Dec-25,10-Dec-27
4,1,30-Jan-26,30-Jan-29
4,2,30-Jan-26,30-Jan-29
4,3,30-Jan-26,30-Jan-29
4,4,30-Jan-26,30-Jan-27
4,5,30-Jan-26,30-Jan-28
4,6,30-Jan-26,30-Jan-28
4,7,30-Jan-26,30-Jan-28
5,1,14-Mar-22,14-Mar-25
5,2,14-Mar-22,14-Mar-25
5,3,14-Mar-22,14-Mar-25
5,4,14-Mar-22,14-Mar-23
5,5,14-Mar-22,14-Mar-24
5,6,14-Mar-22,14-Mar-24
5,7,14-Mar-22,14-Mar-24
6,1,20-Apr-23,20-Apr-26
6,2,20-Apr-23,20-Apr-26
6,3,20-Apr-23,20-Apr-26
6,4,20-Apr-23,20-Apr-24
6,5,20-Apr-23,20-Apr-25
6,6,20-Apr-23,20-Apr-25
6,7,20-Apr-23,20-Apr-25
7,1,19-Sep-25,19-Sep-28
7,2,19-Sep-25,19-Sep-28
7,3,19-Sep-25,19-Sep-28
7,4,19-Sep-25,19-Sep-26
7,5,19-Sep-25,19-Sep-27
7,6,19-Sep-25,19-Sep-27
7,7,19-Sep-25,19-Sep-27
8,1,28-Feb-24,28-Feb-27
8,2,28-Feb-24,28-Feb-27
8,3,28-Feb-24,28-Feb-27
8,4,28-Feb-24,28-Feb-25
8,5,28-Feb-24,28-Feb-26
8,6,28-Feb-24,28-Feb-26
8,7,28-Feb-24,28-Feb-26
9,1,2-Feb-24,2-Feb-27
9,2,2-Feb-24,2-Feb-27
9,3,2-Feb-24,2-Feb-27
9,4,2-Feb-24,2-Feb-25
9,5,2-Feb-24,2-Feb-26
9,6,2-Feb-24,2-Feb-26
9,7,2-Feb-24,2-Feb-26
10,1,26-Sep-26,26-Sep-29
10,2,26-Sep-26,26-Sep-29
10,3,26-Sep-26,26-Sep-29
10,4,26-Sep-26,26-Sep-27
10,5,26-Sep-26,26-Sep-28
10,6,26-Sep-26,26-Sep-28
10,7,26-Sep-26,26-Sep-28
11,1,29-Jul-26,29-Jul-29
11,2,29-Jul-26,29-Jul-29
11,3,29-Jul-26,29-Jul-29
11,4,29-Jul-26,29-Jul-27
11,5,29-Jul-26,29-Jul-28
11,6,29-Jul-26,29-Jul-28
11,7,29-Jul-26,29-Jul-28
12,1,30-Jun-25,30-Jun-28
12,2,30-Jun-25,30-Jun-28
12,3,30-Jun-25,30-Jun-28
12,4,30-Jun-25,30-Jun-26
12,5,30-Jun-25,30-Jun-27
12,6,30-Jun-25,30-Jun-27
12,7,30-Jun-25,30-Jun-27
13,1,18-Jul-26,18-Jul-29
13,2,18-Jul-26,18-Jul-29
13,3,18-Jul-26,18-Jul-29
13,4,18-Jul-26,18-Jul-27
13,5,18-Jul-26,18-Jul-28
13,6,18-Jul-26,18-Jul-28
13,7,18-Jul-26,18-Jul-28
14,1,18-Jan-25,18-Jan-28
14,2,18-Jan-25,18-Jan-28
14,3,18-Jan-25,18-Jan-28
14,4,18-Jan-25,18-Jan-26
14,5,18-Jan-25,18-Jan-27
14,6,18-Jan-25,18-Jan-27
14,7,18-Jan-25,18-Jan-27
15,1,12-Oct-25,12-Oct-28
15,2,12-Oct-25,12-Oct-28
15,3,12-Oct-25,12-Oct-28
15,4,12-Oct-25,12-Oct-26
15,5,12-Oct-25,12-Oct-27
15,6,12-Oct-25,12-Oct-27
15,7,12-Oct-25,12-Oct-27
16,1,5-Apr-26,5-Apr-29
16,2,5-Apr-26,5-Apr-29
16,3,5-Apr-26,5-Apr-29
16,4,5-Apr-26,5-Apr-27
16,5,5-Apr-26,5-Apr-28
16,6,5-Apr-26,5-Apr-28
16,7,5-Apr-26,5-Apr-28
17,1,20-Aug-25,20-Aug-28
17,2,20-Aug-25,20-Aug-28
17,3,20-Aug-25,20-Aug-28
17,4,20-Aug-25,20-Aug-26
17,5,20-Aug-25,20-Aug-27
17,6,20-Aug-25,20-Aug-27
17,7,20-Aug-25,20-Aug-27
18,1,12-Dec-24,12-Dec-27
18,2,12-Dec-24,12-Dec-27
18,3,12-Dec-24,12-Dec-27
18,4,12-Dec-24,12-Dec-25
18,5,12-Dec-24,12-Dec-26
18,6,12-Dec-24,12-Dec-26
18,7,12-Dec-24,12-Dec-26
19,1,10-May-25,10-May-28
19,2,10-May-25,10-May-28
19,3,10-May-25,10-May-28
19,4,10-May-25,10-May-26
19,5,10-May-25,10-May-27
19,6,10-May-25,10-May-27
19,7,10-May-25,10-May-27
20,1,9-Sep-25,9-Sep-28
20,2,9-Sep-25,9-Sep-28
20,3,9-Sep-25,9-Sep-28
20,4,9-Sep-25,9-Sep-26
20,5,9-Sep-25,9-Sep-27
20,6,9-Sep-25,9-Sep-27
20,7,9-Sep-25,9-Sep-27
,,,
,,,
,,,
,,,
,,,
,,,
,,,
,,,
,,,
,,,
,,,
